id,target,B,C,D,E,F,G,H,I,J,K,L,M,N,O,P,Q,R,S,T,U,V,W,X,Y,Z,AA,AB,AC,AD,AE,AF,AG,AH,AI,AJ,AK,AL,AM,AN
20,1,3,24,24.86,71,87,12,11,15,11,300,0,0,32.26,67.74,19.74,0.24,8.92,20.28,1.16,7.76,12.92,15,7,7,47,15,1,8,3,3,17,4,60,3.28,40.88,60,46.2,60,3.2
21,1,3,24,29.58,8,120,120,26,14,27,274,0,385,12.3,87.7,22.8,1.56,15.24,15.2,7.36,8,1.12,24,5,17,53,18,1,15,2,3,7,1,6.4,16.56,19.24,13.68,12.56,2.08,25.6
22,1,3,24,28.08,120,120,55,25,36,21,300,0,0,51.37,48.63,22.92,0.52,9.8,3.16,4.96,24,0,24,13,9,51,17,1,8,1,3,30,0,15.32,60,24.24,14.16,3.32,41.2,2.84
23,1,4,24,25.26,120,38,120,11,11,28,159,13087.5,406,49.23,50.77,3.6,0,0.8,20.92,0,1.4,23.8,16,9,4,40,6,0,1,2,0,4,3,6,60,7,60,13,60,30
24,1,4,24,25.1,11,26,119,19,17,20,204,14237.5,536,66.8,33.2,14.28,0,7.8,3.84,4.32,8.2,0,14,10,6,69,11,0,5,1,5,8,0,45,16,30,42,18,10,4
25,1,4,24,29.54,64,57,115,18,13,18,300,11887.5,410,21.35,78.65,0.8,0,1.08,122.52,0.64,26.72,0,11,8,5,46,2,0,2,6,1,24,0,60,6,33,45,36,19,22
26,1,5,24,27.7,120,25,120,8,19,120,300,14675,0,25.84,74.16,7.84,0,15.24,7.92,2.08,31.6,6.64,21,13,9,71,8,0,14,3,2,19,5,5,34,18,5,11,6,1
27,1,5,24,22.6,14,120,119,17,12,20,300,8050,0,32.21618705,67.78381295,84.54834532,0.423309353,22.8752518,28.54338129,9.81028777,21.54597122,2.464964029,18.94244604,7.568345324,11.24460432,81.37410072,47.15827338,0.496402878,17.13669065,3.553956835,10.02877698,19.26618705,0.848920863,27,56,3,46,2,14,1
28,1,4,24,27,17,17,119,19,19,13,188,11762.5,361,63.54,36.46,38.82,0,1.52,12.04,8.44,13.32,4.16,15,11,4,38,28,0,2,2,8,20,1,33,4,16,25,3,5,36
29,1,4,24,26.78,43,55,25,16,20,17,44,12400,426,33.91,66.09,31.72,0,21,1.96,4.72,10.16,0,19,7,10,52,26,0,13,1,8,21,0,16,37,3,2,14,19,1
30,1,4,24,24.26,120,120,7,11,8,11,210,14200,394,58.24,41.76,18.44,0,17.32,1.6,1.12,17,0,20,11,10,55,11,0,14,2,1,19,0,42,30,6,15,2,3,8
31,1,4,24,26.54,37,94,120,19,5,22,228,13475,403,40.02,59.98,32.28,0,3.6,18.12,10.72,4.56,0,22,12,9,50,20,0,4,3,11,12,0,6.16,10.4,5.2,9.52,26.36,42.52,13.12
32,1,4,24,25.9,120,50,15,6,29,9,280,12250,0,31.56,68.44,9,1,20.28,7.08,0.28,5.8,3.28,22,9,12,45,12,1,16,1,1,13,1,27.8,13.36,12.52,16.56,7.28,13.4,4.24
33,1,3,24,26.74,20,42,120,19,29,9,210,13600,447,31.24,68.76,22.92,0,5.48,16.76,5.52,10.2,13.33,24,12,13,50,24,0,7,3,1,13,4,54,20,5,2,2,17,16
34,1,3,24,26.82,120,120,120,13,14,10,223,14000,574,24.02,75.98,23.28,0,9.56,9.96,0,6.56,6.96,18,7,11,47,25,0,12,2,0,6,2,30.49582734,16.92402878,12.55072464,22.45726619,13.69697842,14.30618705,8.524892086
35,1,3,24,23.1,34,105,120,120,64,63,216,13600,602,48.44,51.56,6.92,0,2.6,4.24,0,23.04,0,24,15,11,59,9,0,3,2,0,25,0,30.49582734,16.92402878,12.55072464,22.45726619,13.69697842,14.30618705,8.524892086
36,1,5,24,27.04,29,76,120,19,55,17,229,16525,529,50.53,49.47,14.88,0,14.24,8,0.2,16.12,0,24,14,10,81,9,0,14,2,1,20,0,60,20,17,60,13,12,37
37,1,5,24,27.22,22,110,119,7,12,8,181,14500,433,42.81,57.19,31.62,0,10.36,3.64,1.32,6.4,6.88,20,12,10,46,29,0,12,3,2,9,2,60,20,22,16,24,6,3
38,1,5,24,26.22,120,60,109,21,12,17,292,13412.5,0,30.81,69.19,19.8,0,9.28,10.6,2.72,8.72,3.56,22,10,11,53,16,0,8,2,3,8,1,60,10,2,3,13,10,34
39,1,3,24,25.78,24,114,8,30,14,12,300,13962.5,605,24.74,75.26,37.33,0,4.88,4.56,1.72,39.04,3.32,17,7,10,28,26,0,5,1,2,20,2,17.44,3.96,2.52,4.72,12.64,60,4.36
40,1,3,24,27.1,24,120,119,11,20,13,268,13487.5,0,25.04,74.96,32.76,0.56,12.16,8.08,0,5.24,6.24,15,5,8,38,24,1,10,2,0,8,3,29.2,3.64,0,60,9.92,48.84,3.28
41,1,3,24,27.24,120,88,9,8,6,9,199,8162.5,485,31.18,68.82,17.72,1.08,31.32,4.2,0,15.32,4.4,24,10,14,66,20,1,30,1,0,20,1,60,60,8.88,60,60,60,60
42,1,5,24,24.28,99,100,83,10,15,8,237,0,0,21.3,78.7,39.52,0.48,2.96,3.24,0.28,2.36,7,20,6,11,45,16,1,5,1,1,6,6,13.8,2.88,16.68,18.76,38,7.64,4.56
43,1,5,24,24.72,103,65,120,120,33,22,276,0,406,42.78,57.22,29.72,0.48,15.2,6.36,2.64,14.24,1.16,22,9,9,58,18,1,11,1,6,19,2,35.56,5.52,17.56,29.96,1.56,10.48,5.52
44,1,5,24,26.84,5,48,120,11,15,21,142,0,0,45.3,54.7,8.32,0.6,22.36,4.52,1.68,17.36,0,28,15,12,60,9,1,16,1,1,17,0,17.36,2.96,17.8,16,16.2,3.04,11.88
60,1,4,24,27.75,59.96682464,70.21327014,88.81212121,14.73333333,21.24242424,19.87272727,166.6872727,16562.5,0,32.21618705,67.78381295,84.54834532,0.423309353,22.8752518,28.54338129,9.81028777,21.54597122,2.464964029,18.94244604,7.568345324,11.24460432,81.37410072,47.15827338,0.496402878,17.13669065,3.553956835,10.02877698,19.26618705,0.848920863,30.49582734,16.92402878,12.55072464,22.45726619,13.69697842,14.30618705,8.524892086
61,1,4,24,31.6,59.96682464,70.21327014,88.81212121,14.73333333,21.24242424,19.87272727,166.6872727,0,0,32.21618705,67.78381295,84.54834532,0.423309353,22.8752518,28.54338129,9.81028777,21.54597122,2.464964029,18.94244604,7.568345324,11.24460432,81.37410072,47.15827338,0.496402878,17.13669065,3.553956835,10.02877698,19.26618705,0.848920863,30.49582734,16.92402878,12.55072464,22.45726619,13.69697842,14.30618705,8.524892086
62,1,4,24,31.1,59.96682464,70.21327014,88.81212121,14.73333333,21.24242424,19.87272727,166.6872727,15437.5,269,32.21618705,67.78381295,84.54834532,0.423309353,22.8752518,28.54338129,9.81028777,21.54597122,2.464964029,18.94244604,7.568345324,11.24460432,81.37410072,47.15827338,0.496402878,17.13669065,3.553956835,10.02877698,19.26618705,0.848920863,30.49582734,16.92402878,12.55072464,22.45726619,13.69697842,14.30618705,8.524892086
63,1,4,24,28.23333333,59.96682464,70.21327014,88.81212121,14.73333333,21.24242424,19.87272727,166.6872727,13925,326,32.21618705,67.78381295,84.54834532,0.423309353,22.8752518,28.54338129,9.81028777,21.54597122,2.464964029,18.94244604,7.568345324,11.24460432,81.37410072,47.15827338,0.496402878,17.13669065,3.553956835,10.02877698,19.26618705,0.848920863,30.49582734,16.92402878,12.55072464,22.45726619,13.69697842,14.30618705,8.524892086
64,1,4,24,26.83333333,59.96682464,70.21327014,88.81212121,14.73333333,21.24242424,19.87272727,166.6872727,0,0,32.21618705,67.78381295,84.54834532,0.423309353,22.8752518,28.54338129,9.81028777,21.54597122,2.464964029,18.94244604,7.568345324,11.24460432,81.37410072,47.15827338,0.496402878,17.13669065,3.553956835,10.02877698,19.26618705,0.848920863,30.49582734,16.92402878,12.55072464,22.45726619,13.69697842,14.30618705,8.524892086
65,1,4,24,29.73333333,59.96682464,70.21327014,88.81212121,14.73333333,21.24242424,19.87272727,166.6872727,14650,430,32.21618705,67.78381295,84.54834532,0.423309353,22.8752518,28.54338129,9.81028777,21.54597122,2.464964029,18.94244604,7.568345324,11.24460432,81.37410072,47.15827338,0.496402878,17.13669065,3.553956835,10.02877698,19.26618705,0.848920863,30.49582734,16.92402878,12.55072464,22.45726619,13.69697842,14.30618705,8.524892086
66,1,4,24,27.46666667,59.96682464,70.21327014,88.81212121,14.73333333,21.24242424,19.87272727,166.6872727,13437.5,334,32.21618705,67.78381295,84.54834532,0.423309353,22.8752518,28.54338129,9.81028777,21.54597122,2.464964029,18.94244604,7.568345324,11.24460432,81.37410072,47.15827338,0.496402878,17.13669065,3.553956835,10.02877698,19.26618705,0.848920863,30.49582734,16.92402878,12.55072464,22.45726619,13.69697842,14.30618705,8.524892086
67,1,4,24,32.6,59.96682464,70.21327014,88.81212121,14.73333333,21.24242424,19.87272727,166.6872727,0,0,32.21618705,67.78381295,84.54834532,0.423309353,22.8752518,28.54338129,9.81028777,21.54597122,2.464964029,18.94244604,7.568345324,11.24460432,81.37410072,47.15827338,0.496402878,17.13669065,3.553956835,10.02877698,19.26618705,0.848920863,30.49582734,16.92402878,12.55072464,22.45726619,13.69697842,14.30618705,8.524892086
68,1,4,24,31.78888889,59.96682464,70.21327014,88.81212121,14.73333333,21.24242424,19.87272727,166.6872727,18812.5,273,32.21618705,67.78381295,84.54834532,0.423309353,22.8752518,28.54338129,9.81028777,21.54597122,2.464964029,18.94244604,7.568345324,11.24460432,81.37410072,47.15827338,0.496402878,17.13669065,3.553956835,10.02877698,19.26618705,0.848920863,30.49582734,16.92402878,12.55072464,22.45726619,13.69697842,14.30618705,8.524892086
69,1,4,24,28.91111111,59.96682464,70.21327014,88.81212121,14.73333333,21.24242424,19.87272727,166.6872727,22387.5,346,32.21618705,67.78381295,84.54834532,0.423309353,22.8752518,28.54338129,9.81028777,21.54597122,2.464964029,18.94244604,7.568345324,11.24460432,81.37410072,47.15827338,0.496402878,17.13669065,3.553956835,10.02877698,19.26618705,0.848920863,30.49582734,16.92402878,12.55072464,22.45726619,13.69697842,14.30618705,8.524892086
70,1,4,24,26.55555556,59.96682464,70.21327014,88.81212121,14.73333333,21.24242424,19.87272727,166.6872727,12475,300,32.21618705,67.78381295,84.54834532,0.423309353,22.8752518,28.54338129,9.81028777,21.54597122,2.464964029,18.94244604,7.568345324,11.24460432,81.37410072,47.15827338,0.496402878,17.13669065,3.553956835,10.02877698,19.26618705,0.848920863,30.49582734,16.92402878,12.55072464,22.45726619,13.69697842,14.30618705,8.524892086
71,1,4,24,28.83333333,59.96682464,70.21327014,88.81212121,14.73333333,21.24242424,19.87272727,166.6872727,14400,237,32.21618705,67.78381295,84.54834532,0.423309353,22.8752518,28.54338129,9.81028777,21.54597122,2.464964029,18.94244604,7.568345324,11.24460432,81.37410072,47.15827338,0.496402878,17.13669065,3.553956835,10.02877698,19.26618705,0.848920863,30.49582734,16.92402878,12.55072464,22.45726619,13.69697842,14.30618705,8.524892086
72,1,4,24,27.48888889,59.96682464,70.21327014,88.81212121,14.73333333,21.24242424,19.87272727,166.6872727,15050,432,32.21618705,67.78381295,84.54834532,0.423309353,22.8752518,28.54338129,9.81028777,21.54597122,2.464964029,18.94244604,7.568345324,11.24460432,81.37410072,47.15827338,0.496402878,17.13669065,3.553956835,10.02877698,19.26618705,0.848920863,30.49582734,16.92402878,12.55072464,22.45726619,13.69697842,14.30618705,8.524892086
73,1,4,24,25.02,59.96682464,70.21327014,88.81212121,14.73333333,21.24242424,19.87272727,166.6872727,0,0,32.21618705,67.78381295,84.54834532,0.423309353,22.8752518,28.54338129,9.81028777,21.54597122,2.464964029,18.94244604,7.568345324,11.24460432,81.37410072,47.15827338,0.496402878,17.13669065,3.553956835,10.02877698,19.26618705,0.848920863,30.49582734,16.92402878,12.55072464,22.45726619,13.69697842,14.30618705,8.524892086
74,1,4,24,30.23333333,59.96682464,70.21327014,88.81212121,14.73333333,21.24242424,19.87272727,166.6872727,0,0,32.21618705,67.78381295,84.54834532,0.423309353,22.8752518,28.54338129,9.81028777,21.54597122,2.464964029,18.94244604,7.568345324,11.24460432,81.37410072,47.15827338,0.496402878,17.13669065,3.553956835,10.02877698,19.26618705,0.848920863,30.49582734,16.92402878,12.55072464,22.45726619,13.69697842,14.30618705,8.524892086
75,1,4,24,27.86666667,59.96682464,70.21327014,88.81212121,14.73333333,21.24242424,19.87272727,166.6872727,0,0,32.21618705,67.78381295,84.54834532,0.423309353,22.8752518,28.54338129,9.81028777,21.54597122,2.464964029,18.94244604,7.568345324,11.24460432,81.37410072,47.15827338,0.496402878,17.13669065,3.553956835,10.02877698,19.26618705,0.848920863,30.49582734,16.92402878,12.55072464,22.45726619,13.69697842,14.30618705,8.524892086
76,1,4,24,24.26666667,59.96682464,70.21327014,88.81212121,14.73333333,21.24242424,19.87272727,166.6872727,0,0,32.21618705,67.78381295,84.54834532,0.423309353,22.8752518,28.54338129,9.81028777,21.54597122,2.464964029,18.94244604,7.568345324,11.24460432,81.37410072,47.15827338,0.496402878,17.13669065,3.553956835,10.02877698,19.26618705,0.848920863,30.49582734,16.92402878,12.55072464,22.45726619,13.69697842,14.30618705,8.524892086
89,1,3,24,30.17777778,59.96682464,70.21327014,88.81212121,14.73333333,21.24242424,19.87272727,166.6872727,6162.5,204,32.21618705,67.78381295,84.54834532,0.423309353,22.8752518,28.54338129,9.81028777,21.54597122,2.464964029,18.94244604,7.568345324,11.24460432,81.37410072,47.15827338,0.496402878,17.13669065,3.553956835,10.02877698,19.26618705,0.848920863,30.49582734,16.92402878,12.55072464,22.45726619,13.69697842,14.30618705,8.524892086
90,1,3,24,27.76666667,59.96682464,70.21327014,88.81212121,14.73333333,21.24242424,19.87272727,166.6872727,13050,331,32.21618705,67.78381295,84.54834532,0.423309353,22.8752518,28.54338129,9.81028777,21.54597122,2.464964029,18.94244604,7.568345324,11.24460432,81.37410072,47.15827338,0.496402878,17.13669065,3.553956835,10.02877698,19.26618705,0.848920863,30.49582734,16.92402878,12.55072464,22.45726619,13.69697842,14.30618705,8.524892086
91,1,3,24,29.8,59.96682464,70.21327014,88.81212121,14.73333333,21.24242424,19.87272727,166.6872727,0,0,32.21618705,67.78381295,84.54834532,0.423309353,22.8752518,28.54338129,9.81028777,21.54597122,2.464964029,18.94244604,7.568345324,11.24460432,81.37410072,47.15827338,0.496402878,17.13669065,3.553956835,10.02877698,19.26618705,0.848920863,30.49582734,16.92402878,12.55072464,22.45726619,13.69697842,14.30618705,8.524892086
92,1,3,24,0.1,59.96682464,70.21327014,88.81212121,14.73333333,21.24242424,19.87272727,166.6872727,0,0,32.21618705,67.78381295,84.54834532,0.423309353,22.8752518,28.54338129,9.81028777,21.54597122,2.464964029,18.94244604,7.568345324,11.24460432,81.37410072,47.15827338,0.496402878,17.13669065,3.553956835,10.02877698,19.26618705,0.848920863,30.49582734,16.92402878,12.55072464,22.45726619,13.69697842,14.30618705,8.524892086
93,1,5,24,36.71666667,59.96682464,70.21327014,88.81212121,14.73333333,21.24242424,19.87272727,166.6872727,0,0,32.21618705,67.78381295,84.54834532,0.423309353,22.8752518,28.54338129,9.81028777,21.54597122,2.464964029,18.94244604,7.568345324,11.24460432,81.37410072,47.15827338,0.496402878,17.13669065,3.553956835,10.02877698,19.26618705,0.848920863,30.49582734,16.92402878,12.55072464,22.45726619,13.69697842,14.30618705,8.524892086
94,1,5,24,27.8,59.96682464,70.21327014,88.81212121,14.73333333,21.24242424,19.87272727,166.6872727,0,0,32.21618705,67.78381295,84.54834532,0.423309353,22.8752518,28.54338129,9.81028777,21.54597122,2.464964029,18.94244604,7.568345324,11.24460432,81.37410072,47.15827338,0.496402878,17.13669065,3.553956835,10.02877698,19.26618705,0.848920863,30.49582734,16.92402878,12.55072464,22.45726619,13.69697842,14.30618705,8.524892086
95,1,3,24,27.9,59.96682464,70.21327014,88.81212121,14.73333333,21.24242424,19.87272727,166.6872727,15287.5,312,32.21618705,67.78381295,84.54834532,0.423309353,22.8752518,28.54338129,9.81028777,21.54597122,2.464964029,18.94244604,7.568345324,11.24460432,81.37410072,47.15827338,0.496402878,17.13669065,3.553956835,10.02877698,19.26618705,0.848920863,30.49582734,16.92402878,12.55072464,22.45726619,13.69697842,14.30618705,8.524892086
96,1,3,24,28.6,59.96682464,70.21327014,88.81212121,14.73333333,21.24242424,19.87272727,166.6872727,0,0,32.21618705,67.78381295,84.54834532,0.423309353,22.8752518,28.54338129,9.81028777,21.54597122,2.464964029,18.94244604,7.568345324,11.24460432,81.37410072,47.15827338,0.496402878,17.13669065,3.553956835,10.02877698,19.26618705,0.848920863,30.49582734,16.92402878,12.55072464,22.45726619,13.69697842,14.30618705,8.524892086
97,1,3,24,28.46666667,59.96682464,70.21327014,88.81212121,14.73333333,21.24242424,19.87272727,166.6872727,13087.5,422,32.21618705,67.78381295,84.54834532,0.423309353,22.8752518,28.54338129,9.81028777,21.54597122,2.464964029,18.94244604,7.568345324,11.24460432,81.37410072,47.15827338,0.496402878,17.13669065,3.553956835,10.02877698,19.26618705,0.848920863,30.49582734,16.92402878,12.55072464,22.45726619,13.69697842,14.30618705,8.524892086
98,1,3,24,31.5,59.96682464,70.21327014,88.81212121,14.73333333,21.24242424,19.87272727,166.6872727,13287.5,194,32.21618705,67.78381295,84.54834532,0.423309353,22.8752518,28.54338129,9.81028777,21.54597122,2.464964029,18.94244604,7.568345324,11.24460432,81.37410072,47.15827338,0.496402878,17.13669065,3.553956835,10.02877698,19.26618705,0.848920863,30.49582734,16.92402878,12.55072464,22.45726619,13.69697842,14.30618705,8.524892086
99,1,5,24,29.68888889,59.96682464,70.21327014,88.81212121,14.73333333,21.24242424,19.87272727,166.6872727,17025,382,32.21618705,67.78381295,84.54834532,0.423309353,22.8752518,28.54338129,9.81028777,21.54597122,2.464964029,18.94244604,7.568345324,11.24460432,81.37410072,47.15827338,0.496402878,17.13669065,3.553956835,10.02877698,19.26618705,0.848920863,30.49582734,16.92402878,12.55072464,22.45726619,13.69697842,14.30618705,8.524892086
100,1,5,24,28.33333333,59.96682464,70.21327014,88.81212121,14.73333333,21.24242424,19.87272727,166.6872727,16037.5,450,32.21618705,67.78381295,84.54834532,0.423309353,22.8752518,28.54338129,9.81028777,21.54597122,2.464964029,18.94244604,7.568345324,11.24460432,81.37410072,47.15827338,0.496402878,17.13669065,3.553956835,10.02877698,19.26618705,0.848920863,30.49582734,16.92402878,12.55072464,22.45726619,13.69697842,14.30618705,8.524892086
101,1,5,24,29.94444444,59.96682464,70.21327014,88.81212121,14.73333333,21.24242424,19.87272727,166.6872727,16187.5,466,32.21618705,67.78381295,84.54834532,0.423309353,22.8752518,28.54338129,9.81028777,21.54597122,2.464964029,18.94244604,7.568345324,11.24460432,81.37410072,47.15827338,0.496402878,17.13669065,3.553956835,10.02877698,19.26618705,0.848920863,30.49582734,16.92402878,12.55072464,22.45726619,13.69697842,14.30618705,8.524892086
102,1,5,24,26.34444444,59.96682464,70.21327014,88.81212121,14.73333333,21.24242424,19.87272727,166.6872727,16250,439,32.21618705,67.78381295,84.54834532,0.423309353,22.8752518,28.54338129,9.81028777,21.54597122,2.464964029,18.94244604,7.568345324,11.24460432,81.37410072,47.15827338,0.496402878,17.13669065,3.553956835,10.02877698,19.26618705,0.848920863,30.49582734,16.92402878,12.55072464,22.45726619,13.69697842,14.30618705,8.524892086
103,1,5,24,28.4,59.96682464,70.21327014,88.81212121,14.73333333,21.24242424,19.87272727,166.6872727,0,0,32.21618705,67.78381295,84.54834532,0.423309353,22.8752518,28.54338129,9.81028777,21.54597122,2.464964029,18.94244604,7.568345324,11.24460432,81.37410072,47.15827338,0.496402878,17.13669065,3.553956835,10.02877698,19.26618705,0.848920863,30.49582734,16.92402878,12.55072464,22.45726619,13.69697842,14.30618705,8.524892086
104,1,3,24,28.73333333,59.96682464,70.21327014,88.81212121,14.73333333,21.24242424,19.87272727,166.6872727,13750,337,32.21618705,67.78381295,84.54834532,0.423309353,22.8752518,28.54338129,9.81028777,21.54597122,2.464964029,18.94244604,7.568345324,11.24460432,81.37410072,47.15827338,0.496402878,17.13669065,3.553956835,10.02877698,19.26618705,0.848920863,30.49582734,16.92402878,12.55072464,22.45726619,13.69697842,14.30618705,8.524892086
105,1,3,24,30.48888889,59.96682464,70.21327014,88.81212121,14.73333333,21.24242424,19.87272727,166.6872727,14475,420,32.21618705,67.78381295,84.54834532,0.423309353,22.8752518,28.54338129,9.81028777,21.54597122,2.464964029,18.94244604,7.568345324,11.24460432,81.37410072,47.15827338,0.496402878,17.13669065,3.553956835,10.02877698,19.26618705,0.848920863,30.49582734,16.92402878,12.55072464,22.45726619,13.69697842,14.30618705,8.524892086
106,1,3,24,28.26666667,59.96682464,70.21327014,88.81212121,14.73333333,21.24242424,19.87272727,166.6872727,14325,342,32.21618705,67.78381295,84.54834532,0.423309353,22.8752518,28.54338129,9.81028777,21.54597122,2.464964029,18.94244604,7.568345324,11.24460432,81.37410072,47.15827338,0.496402878,17.13669065,3.553956835,10.02877698,19.26618705,0.848920863,30.49582734,16.92402878,12.55072464,22.45726619,13.69697842,14.30618705,8.524892086
143,1,5,24,28.78571429,59.96682464,70.21327014,88.81212121,14.73333333,21.24242424,19.87272727,110,15650,326,6.09,93.91,132.67,0,6.24,104.96,9.4,14.52,0,7,2,5,39,56,0,6,5,16,12,0,6,32,4,60,60,8,1
144,1,5,24,25.7,59.96682464,70.21327014,88.81212121,14.73333333,21.24242424,19.87272727,181,14350,0,8.01,91.99,69.72,0,6.28,179.98,6.12,14.84,0,7,2,5,29,33,0,7,3,8,14,0,33,8,5,60,19,6,16
145,1,5,24,28.58571429,59.96682464,70.21327014,88.81212121,14.73333333,21.24242424,19.87272727,11,14562.5,295,88.92,11.08,166.33,0,1.64,19.56,18.2,67,0,9,7,2,32,67,0,1,5,22,42,0,60,17,6,49,9,23,2
146,1,5,24,26.525,59.96682464,70.21327014,88.81212121,14.73333333,21.24242424,19.87272727,84,0,0,32.21618705,67.78381295,84.54834532,0.423309353,22.8752518,28.54338129,9.81028777,21.54597122,2.464964029,18.94244604,7.568345324,11.24460432,81.37410072,47.15827338,0.496402878,17.13669065,3.553956835,10.02877698,19.26618705,0.848920863,30.49582734,16.92402878,12.55072464,22.45726619,13.69697842,14.30618705,8.524892086
147,1,5,24,27.9,59.96682464,70.21327014,88.81212121,14.73333333,21.24242424,19.87272727,94,15700,0,0,100,87.21,0,12.64,167.88,3.52,8.32,0,4,0,4,21,34,0,5,7,7,6,0,60,5,55,60,14,16,6
148,1,4,24,30.84,59.96682464,70.21327014,88.81212121,14.73333333,21.24242424,19.87272727,69,10550,275,21.34,78.66,156.8,0.44,1.88,66.8,2.76,24.16,0.66,7,4,3,25,52,1,3,3,5,22,1,30.49582734,16.92402878,12.55072464,22.45726619,13.69697842,14.30618705,8.524892086
149,1,4,24,25.08571429,59.96682464,70.21327014,88.81212121,14.73333333,21.24242424,19.87272727,104,15400,0,10.4,89.6,183.72,0,14.76,10.56,10.68,28.34,0,13,3,8,60,62,0,9,3,10,20,0,24,8,6,6,17,9,1
150,1,4,24,26.2,59.96682464,70.21327014,88.81212121,14.73333333,21.24242424,19.87272727,22,0,0,32.21618705,67.78381295,84.54834532,0.423309353,22.8752518,28.54338129,9.81028777,21.54597122,2.464964029,18.94244604,7.568345324,11.24460432,81.37410072,47.15827338,0.496402878,17.13669065,3.553956835,10.02877698,19.26618705,0.848920863,30.49582734,16.92402878,12.55072464,22.45726619,13.69697842,14.30618705,8.524892086
151,1,4,24,25.21428571,59.96682464,70.21327014,88.81212121,14.73333333,21.24242424,19.87272727,126,9950,0,20.87,79.13,55.37,0,4.2,178.24,3.36,20.04,0,5,2,3,21,27,0,3,5,5,15,0,30.49582734,16.92402878,12.55072464,22.45726619,13.69697842,14.30618705,8.524892086
152,1,4,24,26.37142857,59.96682464,70.21327014,88.81212121,14.73333333,21.24242424,19.87272727,147,13937.5,251,25.14,74.86,103.88,0,15.12,57.32,2.76,54.96,0,18,8,8,69,68,0,11,8,5,37,0,11,8,17,9,4,11,1
153,1,4,24,24.98571429,59.96682464,70.21327014,88.81212121,14.73333333,21.24242424,19.87272727,243,14925,0,60.14,39.86,111.16,0,8.68,15.16,2.46,91.48,0,19,13,7,82,71,0,7,3,4,68,0,60,60,15,9,60,22,1
154,1,4,24,26.71428571,59.96682464,70.21327014,88.81212121,14.73333333,21.24242424,19.87272727,149,16487.5,280,39.57,60.43,131.49,0,4.52,20.16,6.44,54.16,0,15,6,10,69,68,0,4,3,10,41,0,10,7,3,41,26,9,2
155,1,4,24,26.18571429,59.96682464,70.21327014,88.81212121,14.73333333,21.24242424,19.87272727,168,12175,208,23.31,76.69,180.21,0,4.36,8.08,4.08,62.96,0,18,9,10,66,89,0,8,1,11,34,0,16,34,7,8,46,26,1
156,1,4,24,30.08571429,59.96682464,70.21327014,88.81212121,14.73333333,21.24242424,19.87272727,83,14862.5,228,2.59,97.41,184.72,0,22.32,32.8,2.96,24.32,0,11,1,9,49,64,0,13,3,7,12,0,60,6,25,3,6,9,2
157,1,4,24,27.5,59.96682464,70.21327014,88.81212121,14.73333333,21.24242424,19.87272727,120,13637.5,254,4.33,95.67,196.34,0,8.44,43.48,5.68,9.68,0,8,2,6,38,56,0,8,7,7,13,0,60,5,3,16,15,5,1
158,1,4,24,26.57142857,59.96682464,70.21327014,88.81212121,14.73333333,21.24242424,19.87272727,171,0,0,98.96,1.04,186.97,0,0,8.36,0,43.48,8,8,7,1,37,52,0,0,2,0,29,2,30.49582734,16.92402878,12.55072464,22.45726619,13.69697842,14.30618705,8.524892086
159,1,4,24,31.8,59.96682464,70.21327014,88.81212121,14.73333333,21.24242424,19.87272727,111,14875,309,19.62,80.38,180.04,0,11.76,15,1.96,36.44,0,13,5,7,59,74,0,13,4,5,27,0,15,9,37,22,6,33,2
160,1,4,24,22,59.96682464,70.21327014,88.81212121,14.73333333,21.24242424,19.87272727,57,0,0,32.21618705,67.78381295,84.54834532,0.423309353,22.8752518,28.54338129,9.81028777,21.54597122,2.464964029,18.94244604,7.568345324,11.24460432,81.37410072,47.15827338,0.496402878,17.13669065,3.553956835,10.02877698,19.26618705,0.848920863,30.49582734,16.92402878,12.55072464,22.45726619,13.69697842,14.30618705,8.524892086
161,1,4,24,26.88571429,59.96682464,70.21327014,88.81212121,14.73333333,21.24242424,19.87272727,156,13812.5,0,60.92,39.08,125.92,0,2.6,4.88,2.6,94.12,0,24,12,12,106,94,0,4,1,2,74,0,15,38,11,3,15,8,13
162,1,4,24,20.6,59.96682464,70.21327014,88.81212121,14.73333333,21.24242424,19.87272727,130,0,0,32.21618705,67.78381295,84.54834532,0.423309353,22.8752518,28.54338129,9.81028777,21.54597122,2.464964029,18.94244604,7.568345324,11.24460432,81.37410072,47.15827338,0.496402878,17.13669065,3.553956835,10.02877698,19.26618705,0.848920863,30.49582734,16.92402878,12.55072464,22.45726619,13.69697842,14.30618705,8.524892086
163,1,4,24,25.55,59.96682464,70.21327014,88.81212121,14.73333333,21.24242424,19.87272727,136,0,0,32.21618705,67.78381295,84.54834532,0.423309353,22.8752518,28.54338129,9.81028777,21.54597122,2.464964029,18.94244604,7.568345324,11.24460432,81.37410072,47.15827338,0.496402878,17.13669065,3.553956835,10.02877698,19.26618705,0.848920863,30.49582734,16.92402878,12.55072464,22.45726619,13.69697842,14.30618705,8.524892086
164,1,5,24,21.3,59.96682464,70.21327014,88.81212121,14.73333333,21.24242424,19.87272727,99,0,0,32.21618705,67.78381295,84.54834532,0.423309353,22.8752518,28.54338129,9.81028777,21.54597122,2.464964029,18.94244604,7.568345324,11.24460432,81.37410072,47.15827338,0.496402878,17.13669065,3.553956835,10.02877698,19.26618705,0.848920863,30.49582734,16.92402878,12.55072464,22.45726619,13.69697842,14.30618705,8.524892086
165,1,5,24,26.62857143,59.96682464,70.21327014,88.81212121,14.73333333,21.24242424,19.87272727,156,10987.5,0,95.51,4.49,108.48,0,0.88,122.68,0,20.68,22.36,6,5,1,23,28,0,1,6,0,20,3,33,20,12,42,60,17,36
166,1,5,24,22.3,59.96682464,70.21327014,88.81212121,14.73333333,21.24242424,19.87272727,67,0,0,32.21618705,67.78381295,84.54834532,0.423309353,22.8752518,28.54338129,9.81028777,21.54597122,2.464964029,18.94244604,7.568345324,11.24460432,81.37410072,47.15827338,0.496402878,17.13669065,3.553956835,10.02877698,19.26618705,0.848920863,30.49582734,16.92402878,12.55072464,22.45726619,13.69697842,14.30618705,8.524892086
167,1,5,24,25.65,59.96682464,70.21327014,88.81212121,14.73333333,21.24242424,19.87272727,78,15362.5,234,26.63,73.37,145.44,0,1.04,83.92,0.56,20.96,20.24,5,3,2,21,36,0,2,4,2,20,3,30.49582734,16.92402878,12.55072464,22.45726619,13.69697842,14.30618705,8.524892086
168,1,5,24,28.15,59.96682464,70.21327014,88.81212121,14.73333333,21.24242424,19.87272727,198,0,0,32.21618705,67.78381295,84.54834532,0.423309353,22.8752518,28.54338129,9.81028777,21.54597122,2.464964029,18.94244604,7.568345324,11.24460432,81.37410072,47.15827338,0.496402878,17.13669065,3.553956835,10.02877698,19.26618705,0.848920863,30.49582734,16.92402878,12.55072464,22.45726619,13.69697842,14.30618705,8.524892086
169,1,5,24,27.7,59.96682464,70.21327014,88.81212121,14.73333333,21.24242424,19.87272727,35,0,0,32.21618705,67.78381295,84.54834532,0.423309353,22.8752518,28.54338129,9.81028777,21.54597122,2.464964029,18.94244604,7.568345324,11.24460432,81.37410072,47.15827338,0.496402878,17.13669065,3.553956835,10.02877698,19.26618705,0.848920863,30.49582734,16.92402878,12.55072464,22.45726619,13.69697842,14.30618705,8.524892086
170,1,5,24,31.7,59.96682464,70.21327014,88.81212121,14.73333333,21.24242424,19.87272727,39,14612.5,228,32.21618705,67.78381295,84.54834532,0.423309353,22.8752518,28.54338129,9.81028777,21.54597122,2.464964029,18.94244604,7.568345324,11.24460432,81.37410072,47.15827338,0.496402878,17.13669065,3.553956835,10.02877698,19.26618705,0.848920863,4,30,23,24,27,16,3
171,1,5,24,29.1,59.96682464,70.21327014,88.81212121,14.73333333,21.24242424,19.87272727,45,15812.5,282,25.49,74.51,134.92,0,31.04,14.56,4.2,43.96,0,19,7,12,94,89,0,20,4,9,42,0,60,9,60,18,5,20,2
172,1,5,24,29.7,59.96682464,70.21327014,88.81212121,14.73333333,21.24242424,19.87272727,166.6872727,0,0,32.21618705,67.78381295,84.54834532,0.423309353,22.8752518,28.54338129,9.81028777,21.54597122,2.464964029,18.94244604,7.568345324,11.24460432,81.37410072,47.15827338,0.496402878,17.13669065,3.553956835,10.02877698,19.26618705,0.848920863,30.49582734,16.92402878,12.55072464,22.45726619,13.69697842,14.30618705,8.524892086
173,1,5,24,28,59.96682464,70.21327014,88.81212121,14.73333333,21.24242424,19.87272727,166,0,0,32.21618705,67.78381295,84.54834532,0.423309353,22.8752518,28.54338129,9.81028777,21.54597122,2.464964029,18.94244604,7.568345324,11.24460432,81.37410072,47.15827338,0.496402878,17.13669065,3.553956835,10.02877698,19.26618705,0.848920863,30.49582734,16.92402878,12.55072464,22.45726619,13.69697842,14.30618705,8.524892086
174,1,5,24,28.01428571,59.96682464,70.21327014,88.81212121,14.73333333,21.24242424,19.87272727,69,12100,257,9.82,90.18,148.84,0,3.16,46.73,1.28,26.68,4.16,8,3,5,35,42,0,2,6,3,22,2,12,13,4,5,25,60,3
175,1,5,24,33.21428571,59.96682464,70.21327014,88.81212121,14.73333333,21.24242424,19.87272727,86,13887.5,326,32.21618705,67.78381295,84.54834532,0.423309353,22.8752518,28.54338129,9.81028777,21.54597122,2.464964029,18.94244604,7.568345324,11.24460432,81.37410072,47.15827338,0.496402878,17.13669065,3.553956835,10.02877698,19.26618705,0.848920863,23,7,18,60,8,15,19
176,1,7,24,28.725,15,10,88.81212121,14.73333333,21.24242424,19.87272727,143,9279.928571,414,32.21618705,67.78381295,84.54834532,0.423309353,22.8752518,28.54338129,9.81028777,21.54597122,2.464964029,18.94244604,7.568345324,11.24460432,81.37410072,47.15827338,0.496402878,17.13669065,3.553956835,10.02877698,19.26618705,0.848920863,30.49582734,16.92402878,12.55072464,22.45726619,13.69697842,14.30618705,8.524892086
177,1,7,24,28.15,9,9,88.81212121,14.73333333,21.24242424,19.87272727,91,9279.928571,304,32.21618705,67.78381295,84.54834532,0.423309353,22.8752518,28.54338129,9.81028777,21.54597122,2.464964029,18.94244604,7.568345324,11.24460432,81.37410072,47.15827338,0.496402878,17.13669065,3.553956835,10.02877698,19.26618705,0.848920863,30.49582734,16.92402878,12.55072464,22.45726619,13.69697842,14.30618705,8.524892086
178,1,7,24,28.55,4,39,88.81212121,14.73333333,21.24242424,19.87272727,177,9279.928571,0,32.21618705,67.78381295,84.54834532,0.423309353,22.8752518,28.54338129,9.81028777,21.54597122,2.464964029,18.94244604,7.568345324,11.24460432,81.37410072,47.15827338,0.496402878,17.13669065,3.553956835,10.02877698,19.26618705,0.848920863,30.49582734,16.92402878,12.55072464,22.45726619,13.69697842,14.30618705,8.524892086
179,1,5,24,27.625,11,11,88.81212121,14.73333333,21.24242424,19.87272727,80,9279.928571,260,32.21618705,67.78381295,84.54834532,0.423309353,22.8752518,28.54338129,9.81028777,21.54597122,2.464964029,18.94244604,7.568345324,11.24460432,81.37410072,47.15827338,0.496402878,17.13669065,3.553956835,10.02877698,19.26618705,0.848920863,30.49582734,16.92402878,12.55072464,22.45726619,13.69697842,14.30618705,8.524892086
180,1,5,24,28.425,5,29,88.81212121,14.73333333,21.24242424,19.87272727,163,9279.928571,356,32.21618705,67.78381295,84.54834532,0.423309353,22.8752518,28.54338129,9.81028777,21.54597122,2.464964029,18.94244604,7.568345324,11.24460432,81.37410072,47.15827338,0.496402878,17.13669065,3.553956835,10.02877698,19.26618705,0.848920863,30.49582734,16.92402878,12.55072464,22.45726619,13.69697842,14.30618705,8.524892086
181,1,5,24,29.1,12,20,88.81212121,14.73333333,21.24242424,19.87272727,197,9279.928571,405,32.21618705,67.78381295,84.54834532,0.423309353,22.8752518,28.54338129,9.81028777,21.54597122,2.464964029,18.94244604,7.568345324,11.24460432,81.37410072,47.15827338,0.496402878,17.13669065,3.553956835,10.02877698,19.26618705,0.848920863,30.49582734,16.92402878,12.55072464,22.45726619,13.69697842,14.30618705,8.524892086
182,1,5,24,27.375,6,4,88.81212121,14.73333333,21.24242424,19.87272727,135,9279.928571,310,32.21618705,67.78381295,84.54834532,0.423309353,22.8752518,28.54338129,9.81028777,21.54597122,2.464964029,18.94244604,7.568345324,11.24460432,81.37410072,47.15827338,0.496402878,17.13669065,3.553956835,10.02877698,19.26618705,0.848920863,30.49582734,16.92402878,12.55072464,22.45726619,13.69697842,14.30618705,8.524892086
183,1,7,24,27.9,12,20,88.81212121,14.73333333,21.24242424,19.87272727,73,9279.928571,420,32.21618705,67.78381295,84.54834532,0.423309353,22.8752518,28.54338129,9.81028777,21.54597122,2.464964029,18.94244604,7.568345324,11.24460432,81.37410072,47.15827338,0.496402878,17.13669065,3.553956835,10.02877698,19.26618705,0.848920863,30.49582734,16.92402878,12.55072464,22.45726619,13.69697842,14.30618705,8.524892086
184,1,7,24,28.95,19,4,88.81212121,14.73333333,21.24242424,19.87272727,141,9279.928571,389,32.21618705,67.78381295,84.54834532,0.423309353,22.8752518,28.54338129,9.81028777,21.54597122,2.464964029,18.94244604,7.568345324,11.24460432,81.37410072,47.15827338,0.496402878,17.13669065,3.553956835,10.02877698,19.26618705,0.848920863,30.49582734,16.92402878,12.55072464,22.45726619,13.69697842,14.30618705,8.524892086
185,1,7,24,26.025,15,45,88.81212121,14.73333333,21.24242424,19.87272727,202,9279.928571,0,32.21618705,67.78381295,84.54834532,0.423309353,22.8752518,28.54338129,9.81028777,21.54597122,2.464964029,18.94244604,7.568345324,11.24460432,81.37410072,47.15827338,0.496402878,17.13669065,3.553956835,10.02877698,19.26618705,0.848920863,30.49582734,16.92402878,12.55072464,22.45726619,13.69697842,14.30618705,8.524892086
186,1,7,24,30.225,6,29,88.81212121,14.73333333,21.24242424,19.87272727,163,9279.928571,354,32.21618705,67.78381295,84.54834532,0.423309353,22.8752518,28.54338129,9.81028777,21.54597122,2.464964029,18.94244604,7.568345324,11.24460432,81.37410072,47.15827338,0.496402878,17.13669065,3.553956835,10.02877698,19.26618705,0.848920863,30.49582734,16.92402878,12.55072464,22.45726619,13.69697842,14.30618705,8.524892086
187,1,5,24,27.825,2,2,88.81212121,14.73333333,21.24242424,19.87272727,17,9279.928571,0,32.21618705,67.78381295,84.54834532,0.423309353,22.8752518,28.54338129,9.81028777,21.54597122,2.464964029,18.94244604,7.568345324,11.24460432,81.37410072,47.15827338,0.496402878,17.13669065,3.553956835,10.02877698,19.26618705,0.848920863,30.49582734,16.92402878,12.55072464,22.45726619,13.69697842,14.30618705,8.524892086
188,1,5,24,33.2,29,11,88.81212121,14.73333333,21.24242424,19.87272727,79,9279.928571,305,32.21618705,67.78381295,84.54834532,0.423309353,22.8752518,28.54338129,9.81028777,21.54597122,2.464964029,18.94244604,7.568345324,11.24460432,81.37410072,47.15827338,0.496402878,17.13669065,3.553956835,10.02877698,19.26618705,0.848920863,30.49582734,16.92402878,12.55072464,22.45726619,13.69697842,14.30618705,8.524892086
189,1,5,24,26.35,20,41,88.81212121,14.73333333,21.24242424,19.87272727,274,9279.928571,470,32.21618705,67.78381295,84.54834532,0.423309353,22.8752518,28.54338129,9.81028777,21.54597122,2.464964029,18.94244604,7.568345324,11.24460432,81.37410072,47.15827338,0.496402878,17.13669065,3.553956835,10.02877698,19.26618705,0.848920863,30.49582734,16.92402878,12.55072464,22.45726619,13.69697842,14.30618705,8.524892086
190,1,5,24,30.25,40,4,88.81212121,14.73333333,21.24242424,19.87272727,218,9279.928571,236,32.21618705,67.78381295,84.54834532,0.423309353,22.8752518,28.54338129,9.81028777,21.54597122,2.464964029,18.94244604,7.568345324,11.24460432,81.37410072,47.15827338,0.496402878,17.13669065,3.553956835,10.02877698,19.26618705,0.848920863,30.49582734,16.92402878,12.55072464,22.45726619,13.69697842,14.30618705,8.524892086
191,1,5,24,27.775,23,11,88.81212121,14.73333333,21.24242424,19.87272727,224,9279.928571,361,32.21618705,67.78381295,84.54834532,0.423309353,22.8752518,28.54338129,9.81028777,21.54597122,2.464964029,18.94244604,7.568345324,11.24460432,81.37410072,47.15827338,0.496402878,17.13669065,3.553956835,10.02877698,19.26618705,0.848920863,30.49582734,16.92402878,12.55072464,22.45726619,13.69697842,14.30618705,8.524892086
192,1,5,24,26.6,1,4,88.81212121,14.73333333,21.24242424,19.87272727,185,9279.928571,400,32.21618705,67.78381295,84.54834532,0.423309353,22.8752518,28.54338129,9.81028777,21.54597122,2.464964029,18.94244604,7.568345324,11.24460432,81.37410072,47.15827338,0.496402878,17.13669065,3.553956835,10.02877698,19.26618705,0.848920863,30.49582734,16.92402878,12.55072464,22.45726619,13.69697842,14.30618705,8.524892086
193,1,5,24,29.675,7,4,88.81212121,14.73333333,21.24242424,19.87272727,62,9279.928571,468,32.21618705,67.78381295,84.54834532,0.423309353,22.8752518,28.54338129,9.81028777,21.54597122,2.464964029,18.94244604,7.568345324,11.24460432,81.37410072,47.15827338,0.496402878,17.13669065,3.553956835,10.02877698,19.26618705,0.848920863,30.49582734,16.92402878,12.55072464,22.45726619,13.69697842,14.30618705,8.524892086
194,1,7,24,26.175,12,18,88.81212121,14.73333333,21.24242424,19.87272727,85,9279.928571,0,32.21618705,67.78381295,84.54834532,0.423309353,22.8752518,28.54338129,9.81028777,21.54597122,2.464964029,18.94244604,7.568345324,11.24460432,81.37410072,47.15827338,0.496402878,17.13669065,3.553956835,10.02877698,19.26618705,0.848920863,30.49582734,16.92402878,12.55072464,22.45726619,13.69697842,14.30618705,8.524892086
195,1,7,24,30.175,4,3,88.81212121,14.73333333,21.24242424,19.87272727,125,9279.928571,376,32.21618705,67.78381295,84.54834532,0.423309353,22.8752518,28.54338129,9.81028777,21.54597122,2.464964029,18.94244604,7.568345324,11.24460432,81.37410072,47.15827338,0.496402878,17.13669065,3.553956835,10.02877698,19.26618705,0.848920863,30.49582734,16.92402878,12.55072464,22.45726619,13.69697842,14.30618705,8.524892086
196,1,7,24,28.75,6,5,88.81212121,14.73333333,21.24242424,19.87272727,59,9279.928571,0,32.21618705,67.78381295,84.54834532,0.423309353,22.8752518,28.54338129,9.81028777,21.54597122,2.464964029,18.94244604,7.568345324,11.24460432,81.37410072,47.15827338,0.496402878,17.13669065,3.553956835,10.02877698,19.26618705,0.848920863,30.49582734,16.92402878,12.55072464,22.45726619,13.69697842,14.30618705,8.524892086
197,1,7,24,32.15,26,14,88.81212121,14.73333333,21.24242424,19.87272727,91,9279.928571,296,32.21618705,67.78381295,84.54834532,0.423309353,22.8752518,28.54338129,9.81028777,21.54597122,2.464964029,18.94244604,7.568345324,11.24460432,81.37410072,47.15827338,0.496402878,17.13669065,3.553956835,10.02877698,19.26618705,0.848920863,30.49582734,16.92402878,12.55072464,22.45726619,13.69697842,14.30618705,8.524892086
234,1,6,24,24.24,16,35,120,5,10,12,300,9279.928571,337,32.21618705,67.78381295,84.54834532,0.423309353,22.8752518,28.54338129,9.81028777,21.54597122,2.464964029,18.94244604,7.568345324,11.24460432,81.37410072,47.15827338,0.496402878,17.13669065,3.553956835,10.02877698,19.26618705,0.848920863,30.49582734,16.92402878,12.55072464,22.45726619,13.69697842,14.30618705,8.524892086
243,1,5,24,28.1,44,120,91,9,8,9,300,9279.928571,392,32.21618705,67.78381295,84.54834532,0.423309353,22.8752518,28.54338129,9.81028777,21.54597122,2.464964029,18.94244604,7.568345324,11.24460432,81.37410072,47.15827338,0.496402878,17.13669065,3.553956835,10.02877698,19.26618705,0.848920863,30.49582734,16.92402878,12.55072464,22.45726619,13.69697842,14.30618705,8.524892086
244,1,6,24,30.64,15,17,15,9,16,10,174,9279.928571,401,32.21618705,67.78381295,84.54834532,0.423309353,22.8752518,28.54338129,9.81028777,21.54597122,2.464964029,18.94244604,7.568345324,11.24460432,81.37410072,47.15827338,0.496402878,17.13669065,3.553956835,10.02877698,19.26618705,0.848920863,30.49582734,16.92402878,12.55072464,22.45726619,13.69697842,14.30618705,8.524892086
245,1,6,24,25.92,120,120,18,7,11,16,256,9279.928571,360,32.21618705,67.78381295,84.54834532,0.423309353,22.8752518,28.54338129,9.81028777,21.54597122,2.464964029,18.94244604,7.568345324,11.24460432,81.37410072,47.15827338,0.496402878,17.13669065,3.553956835,10.02877698,19.26618705,0.848920863,30.49582734,16.92402878,12.55072464,22.45726619,13.69697842,14.30618705,8.524892086
246,1,5,24,29.52,50,120,120,8,15,12,262,9279.928571,333,32.21618705,67.78381295,84.54834532,0.423309353,22.8752518,28.54338129,9.81028777,21.54597122,2.464964029,18.94244604,7.568345324,11.24460432,81.37410072,47.15827338,0.496402878,17.13669065,3.553956835,10.02877698,19.26618705,0.848920863,30.49582734,16.92402878,12.55072464,22.45726619,13.69697842,14.30618705,8.524892086
247,1,6,24,25.78,16,25,64,16,10,13,181,9279.928571,392,32.21618705,67.78381295,84.54834532,0.423309353,22.8752518,28.54338129,9.81028777,21.54597122,2.464964029,18.94244604,7.568345324,11.24460432,81.37410072,47.15827338,0.496402878,17.13669065,3.553956835,10.02877698,19.26618705,0.848920863,30.49582734,16.92402878,12.55072464,22.45726619,13.69697842,14.30618705,8.524892086
248,1,6,24,30,33,28,33,9,9,14,265,9279.928571,338,32.21618705,67.78381295,84.54834532,0.423309353,22.8752518,28.54338129,9.81028777,21.54597122,2.464964029,18.94244604,7.568345324,11.24460432,81.37410072,47.15827338,0.496402878,17.13669065,3.553956835,10.02877698,19.26618705,0.848920863,30.49582734,16.92402878,12.55072464,22.45726619,13.69697842,14.30618705,8.524892086
249,1,5,24,31.56,41,76,120,20,13,24,127,9279.928571,406,32.21618705,67.78381295,84.54834532,0.423309353,22.8752518,28.54338129,9.81028777,21.54597122,2.464964029,18.94244604,7.568345324,11.24460432,81.37410072,47.15827338,0.496402878,17.13669065,3.553956835,10.02877698,19.26618705,0.848920863,30.49582734,16.92402878,12.55072464,22.45726619,13.69697842,14.30618705,8.524892086
250,1,5,24,27.4,8,37,120,10,22,15,181,9279.928571,0,32.21618705,67.78381295,84.54834532,0.423309353,22.8752518,28.54338129,9.81028777,21.54597122,2.464964029,18.94244604,7.568345324,11.24460432,81.37410072,47.15827338,0.496402878,17.13669065,3.553956835,10.02877698,19.26618705,0.848920863,30.49582734,16.92402878,12.55072464,22.45726619,13.69697842,14.30618705,8.524892086
252,1,6,24,28.64,10,97,17,10,14,10,273,9279.928571,334,32.21618705,67.78381295,84.54834532,0.423309353,22.8752518,28.54338129,9.81028777,21.54597122,2.464964029,18.94244604,7.568345324,11.24460432,81.37410072,47.15827338,0.496402878,17.13669065,3.553956835,10.02877698,19.26618705,0.848920863,30.49582734,16.92402878,12.55072464,22.45726619,13.69697842,14.30618705,8.524892086
253,1,5,24,27.75,20,66,120,12,20,11,206,9279.928571,374,32.21618705,67.78381295,84.54834532,0.423309353,22.8752518,28.54338129,9.81028777,21.54597122,2.464964029,18.94244604,7.568345324,11.24460432,81.37410072,47.15827338,0.496402878,17.13669065,3.553956835,10.02877698,19.26618705,0.848920863,30.49582734,16.92402878,12.55072464,22.45726619,13.69697842,14.30618705,8.524892086
254,1,6,24,27.8,120,120,120,8,12,7,253,9279.928571,374,32.21618705,67.78381295,84.54834532,0.423309353,22.8752518,28.54338129,9.81028777,21.54597122,2.464964029,18.94244604,7.568345324,11.24460432,81.37410072,47.15827338,0.496402878,17.13669065,3.553956835,10.02877698,19.26618705,0.848920863,30.49582734,16.92402878,12.55072464,22.45726619,13.69697842,14.30618705,8.524892086
255,1,6,24,27.9,38,51,17,13,17,7,216,9279.928571,0,32.21618705,67.78381295,84.54834532,0.423309353,22.8752518,28.54338129,9.81028777,21.54597122,2.464964029,18.94244604,7.568345324,11.24460432,81.37410072,47.15827338,0.496402878,17.13669065,3.553956835,10.02877698,19.26618705,0.848920863,30.49582734,16.92402878,12.55072464,22.45726619,13.69697842,14.30618705,8.524892086
256,1,6,24,25.84,31,100,78,6,9,8,158,9279.928571,347,32.21618705,67.78381295,84.54834532,0.423309353,22.8752518,28.54338129,9.81028777,21.54597122,2.464964029,18.94244604,7.568345324,11.24460432,81.37410072,47.15827338,0.496402878,17.13669065,3.553956835,10.02877698,19.26618705,0.848920863,30.49582734,16.92402878,12.55072464,22.45726619,13.69697842,14.30618705,8.524892086
257,1,5,24,24.22,120,120,56,13,24,9,168,9279.928571,406,32.21618705,67.78381295,84.54834532,0.423309353,22.8752518,28.54338129,9.81028777,21.54597122,2.464964029,18.94244604,7.568345324,11.24460432,81.37410072,47.15827338,0.496402878,17.13669065,3.553956835,10.02877698,19.26618705,0.848920863,30.49582734,16.92402878,12.55072464,22.45726619,13.69697842,14.30618705,8.524892086
258,1,6,24,28.78,94,87,120,10,27,11,140,9279.928571,351,32.21618705,67.78381295,84.54834532,0.423309353,22.8752518,28.54338129,9.81028777,21.54597122,2.464964029,18.94244604,7.568345324,11.24460432,81.37410072,47.15827338,0.496402878,17.13669065,3.553956835,10.02877698,19.26618705,0.848920863,30.49582734,16.92402878,12.55072464,22.45726619,13.69697842,14.30618705,8.524892086
260,1,5,24,28.98,28,120,120,9,16,18,177,9279.928571,317,32.21618705,67.78381295,84.54834532,0.423309353,22.8752518,28.54338129,9.81028777,21.54597122,2.464964029,18.94244604,7.568345324,11.24460432,81.37410072,47.15827338,0.496402878,17.13669065,3.553956835,10.02877698,19.26618705,0.848920863,30.49582734,16.92402878,12.55072464,22.45726619,13.69697842,14.30618705,8.524892086
261,1,6,24,27.9,38,111,120,15,10,16,220,9279.928571,0,32.21618705,67.78381295,84.54834532,0.423309353,22.8752518,28.54338129,9.81028777,21.54597122,2.464964029,18.94244604,7.568345324,11.24460432,81.37410072,47.15827338,0.496402878,17.13669065,3.553956835,10.02877698,19.26618705,0.848920863,30.49582734,16.92402878,12.55072464,22.45726619,13.69697842,14.30618705,8.524892086
262,1,5,24,27.76,120,34,21,7,9,15,143,9279.928571,386,32.21618705,67.78381295,84.54834532,0.423309353,22.8752518,28.54338129,9.81028777,21.54597122,2.464964029,18.94244604,7.568345324,11.24460432,81.37410072,47.15827338,0.496402878,17.13669065,3.553956835,10.02877698,19.26618705,0.848920863,30.49582734,16.92402878,12.55072464,22.45726619,13.69697842,14.30618705,8.524892086
264,1,5,24,27.92,24,22,120,10,10,13,147,9279.928571,0,32.21618705,67.78381295,84.54834532,0.423309353,22.8752518,28.54338129,9.81028777,21.54597122,2.464964029,18.94244604,7.568345324,11.24460432,81.37410072,47.15827338,0.496402878,17.13669065,3.553956835,10.02877698,19.26618705,0.848920863,30.49582734,16.92402878,12.55072464,22.45726619,13.69697842,14.30618705,8.524892086
265,1,5,24,26.28,120,120,15,13,21,24,229,9279.928571,397,32.21618705,67.78381295,84.54834532,0.423309353,22.8752518,28.54338129,9.81028777,21.54597122,2.464964029,18.94244604,7.568345324,11.24460432,81.37410072,47.15827338,0.496402878,17.13669065,3.553956835,10.02877698,19.26618705,0.848920863,30.49582734,16.92402878,12.55072464,22.45726619,13.69697842,14.30618705,8.524892086
266,1,5,24,26.86,24,15,18,12,8,19,273,9279.928571,309,32.21618705,67.78381295,84.54834532,0.423309353,22.8752518,28.54338129,9.81028777,21.54597122,2.464964029,18.94244604,7.568345324,11.24460432,81.37410072,47.15827338,0.496402878,17.13669065,3.553956835,10.02877698,19.26618705,0.848920863,30.49582734,16.92402878,12.55072464,22.45726619,13.69697842,14.30618705,8.524892086
267,1,6,24,31.32,65,21,120,29,120,20,210,9279.928571,557,32.21618705,67.78381295,84.54834532,0.423309353,22.8752518,28.54338129,9.81028777,21.54597122,2.464964029,18.94244604,7.568345324,11.24460432,81.37410072,47.15827338,0.496402878,17.13669065,3.553956835,10.02877698,19.26618705,0.848920863,30.49582734,16.92402878,12.55072464,22.45726619,13.69697842,14.30618705,8.524892086
269,1,5,24,26.24,34,22,29,12,9,15,133,9279.928571,427,32.21618705,67.78381295,84.54834532,0.423309353,22.8752518,28.54338129,9.81028777,21.54597122,2.464964029,18.94244604,7.568345324,11.24460432,81.37410072,47.15827338,0.496402878,17.13669065,3.553956835,10.02877698,19.26618705,0.848920863,30.49582734,16.92402878,12.55072464,22.45726619,13.69697842,14.30618705,8.524892086
270,1,6,24,37.66,16,99,120,15,18,21,110,9279.928571,405,32.21618705,67.78381295,84.54834532,0.423309353,22.8752518,28.54338129,9.81028777,21.54597122,2.464964029,18.94244604,7.568345324,11.24460432,81.37410072,47.15827338,0.496402878,17.13669065,3.553956835,10.02877698,19.26618705,0.848920863,30.49582734,16.92402878,12.55072464,22.45726619,13.69697842,14.30618705,8.524892086
271,1,6,24,30.52,23,120,120,5,18,5,216,9279.928571,457,32.21618705,67.78381295,84.54834532,0.423309353,22.8752518,28.54338129,9.81028777,21.54597122,2.464964029,18.94244604,7.568345324,11.24460432,81.37410072,47.15827338,0.496402878,17.13669065,3.553956835,10.02877698,19.26618705,0.848920863,30.49582734,16.92402878,12.55072464,22.45726619,13.69697842,14.30618705,8.524892086
272,1,5,24,31.24,73,120,120,16,41,37,263,9279.928571,296,32.21618705,67.78381295,84.54834532,0.423309353,22.8752518,28.54338129,9.81028777,21.54597122,2.464964029,18.94244604,7.568345324,11.24460432,81.37410072,47.15827338,0.496402878,17.13669065,3.553956835,10.02877698,19.26618705,0.848920863,30.49582734,16.92402878,12.55072464,22.45726619,13.69697842,14.30618705,8.524892086
274,1,5,3,21.54285714,120,50,31,7,15,15,115,9279.928571,365,31.15,68.85,81.72,0,40.62,15.12,19.08,21.24,0,30,10,21,153,67,0,35,4,18,16,0,23.96,7.76,14.48,1.44,2.68,2.16,21.64
275,1,5,3,22.25714286,63,120,120,11,27,12,300,9279.928571,335,37.06,62.94,105.96,0,51.99,4.96,15.96,21.52,0,25,9,16,132,72,0,30,2,12,18,0,31.64,4.88,6.96,36.36,3.4,7.24,11.32
276,1,5,3,22.07142857,120,120,153,14,7,7,295,9279.928571,326,30.8,69.2,87.83,0.64,56.32,18.36,21.64,11.96,0,22,7,14,110,62,1,37,3,20,14,0,32.08,1.6,5.72,10.32,2.08,2.2,2.64
277,1,5,3,20.82857143,29,120,113,8,11,8,300,9279.928571,318,48.06,51.94,76.46,0,50.76,2.8,18.56,36.84,0,29,15,14,153,66,0,34,1,20,32,0,40.6,3.76,4.68,4.8,4.48,2.52,2.08
278,1,5,3,22.11428571,39,110,120,7,16,7,59,9279.928571,332,30.4,69.6,99.96,0.4,35.96,11.12,21.92,19.4,0,24,8,16,127,69,1,27,3,24,21,0,19.56,5.76,4.04,8.4,6.52,2.76,7.32
279,1,5,3,21.71428571,120,117,34,7,15,12,275,9279.928571,332,6.99,93.01,111.87,0,43.4,39.48,14.72,6.48,0,18,3,16,101,50,0,24,6,14,6,0,45.76,11.16,3.36,3.76,4.28,2.28,2.04
280,1,5,3,21.85714286,57,120,120,6,11,12,268,9279.928571,396,35.11,64.89,41.52,4.32,42.8,6.08,23.4,32.44,0,31,12,20,149,38,6,41,1,24,25,0,13.36,39.2,6.72,3.16,12.4,13.88,10.96
281,1,5,3,22.15714286,120,120,79,14,16,8,263,9279.928571,323,20.65,79.35,90.68,0,34.88,15.16,18.56,18.68,0,22,5,18,126,48,0,31,4,19,14,0,10.88,11.84,14.24,8.92,21.36,9.2,3.36
282,1,5,3,21.21428571,16,76,96,15,14,6,107,9279.928571,0,28.41,71.59,72.16,0,41,16.44,12.16,30.8,0,30,8,20,158,58,0,34,2,15,23,0,25.12,9.36,2.96,21,6.96,6.36,2.6
283,1,5,3,22.15714286,28,36,46,9,9,10,204,9279.928571,317,6.42,93.58,89.44,0,17.04,62.8,27.44,6.48,0,17,3,14,87,34,0,15,5,16,6,0,34.28,8.64,12.4,7.84,14.36,3.12,18.28
294,1,1,3,22.82857143,120,120,29,9,18,11,241,9279.928571,361,32.21618705,67.78381295,84.54834532,0.423309353,22.8752518,28.54338129,9.81028777,21.54597122,2.464964029,18.94244604,7.568345324,11.24460432,81.37410072,47.15827338,0.496402878,17.13669065,3.553956835,10.02877698,19.26618705,0.848920863,59.48,7.88,6.92,2.28,58.08,10.72,2.84
295,1,1,3,22.17142857,120,120,120,6,18,21,283,9279.928571,428,24.33,75.67,57.65,0,18.52,34.84,20.28,27.76,0,25,7,18,121,33,0,15,7,16,30,0,55.16,3.28,2.16,4.08,34.16,2.28,1.56
296,1,1,3,21.82857143,88,120,37,8,12,8,151,9279.928571,388,20.69,79.31,71.49,0.6,54.16,16.64,17.44,31.84,0,22,5,17,114,46,1,33,2,20,21,0,13.72,16.96,2.56,19.28,4.24,60,5.96
297,1,1,3,21.71428571,108,120,118,5,8,10,213,9279.928571,256.6351351,53.35,46.65,40.28,0,25.92,12.12,29.64,22.36,0,24,10,13,120,28,0,20,5,30,19,0,45.76,3.04,12.55072464,49.48,1,6.8,1.2
298,1,1,3,21.18571429,45,120,73,7,10,9,227,9279.928571,256.6351351,46.51,53.49,39.72,0,20.32,13,20.44,40.56,0,26,10,16,130,34,0,22,4,21,31,0,9.04,14.04,14.6,4.2,4.72,9.56,5.76
299,1,1,3,22.8,120,120,47,8,12,12,112,9279.928571,256.6351351,18.96,81.04,76.08,0.96,52.8,4.64,22.96,12.04,0,29,4,25,147,63,1,35,2,20,8,0,45.72,2.64,8.4,25.48,2.52,6.44,10.16
300,1,1,3,22.4,69,120,120,8,22,8,214,9279.928571,256.6351351,10.19,89.81,100.72,1.96,58.92,1.44,17.21,18.44,0,29,5,23,150,88,1,35,2,19,13,0,31.44,21.08,3.24,4.96,47.64,10.08,10.44
301,1,1,3,22.08571429,94,20,34,16,16,7,300,9279.928571,256.6351351,43.75,56.25,77.32,2.44,40.84,18.96,30.36,19.36,0,29,11,18,145,56,3,32,4,27,16,0,45.08,4.2,11.76,3.04,11.96,3.24,3.36
302,1,1,3,22.17142857,120,120,27,8,6,9,300,9279.928571,256.6351351,30.66,69.34,64.12,1.6,54.76,7.2,30.36,21.6,0,26,7,20,146,51,1,42,1,24,14,0,7.8,2.16,21.96,6.2,5.56,13.4,17.88
303,1,1,3,22.37142857,120,120,62,10,51,22,188,9279.928571,256.6351351,17.65,82.35,74.5,0,34.16,37.36,18.2,14.8,0,27,7,20,138,51,0,28,6,20,14,0,12.12,20.96,4.44,4.04,23,4.96,5.44
304,1,1,3,21.75714286,120,120,43,7,7,7,149,9279.928571,256.6351351,29.34,70.66,109.24,2.68,34.8,19.8,17.74,21.36,0,27,10,17,135,83,2,26,3,22,23,0,12.96,1.68,21.8,5.44,6.76,5.12,4.36
305,1,1,3,23,120,120,107,8,11,9,300,9279.928571,256.6351351,30.36,69.64,117.16,0,39.64,5,17.8,11.68,0,31,9,22,151,98,0,30,1,27,16,0,19.76,3.44,4.32,50.96,2.44,2.72,3.52
318,1,2,3,21.51428571,57,19,46,6,14,7,300,9279.928571,256.6351351,28.34,71.66,71.36,3.32,37.52,35.48,21.12,21.32,0,32,12,20,170,58,6,28,4,21,27,0,22.92,5.92,14.76,15.76,3.84,2.44,2.2
319,1,2,3,20.85714286,120,120,42,6,8,8,220,9279.928571,256.6351351,12.97,87.03,76.89,0,39.76,44.12,19.92,7.44,0,24,5,19,137,53,0,23,7,15,9,0,22.4,23.88,5.24,15.44,15.4,6.8,25.36
320,1,2,3,21.37142857,21,77,49,9,16,8,273,9279.928571,256.6351351,24.58,75.42,42.84,0,25.62,13,21.04,25.04,0,27,8,17,135,39,0,22,3,19,27,0,48.12,5.48,3.72,17.56,1.88,9.88,34.8
321,1,2,3,21.97142857,120,120,28,10,26,6,157,9279.928571,256.6351351,14.58,85.42,72.6,0,47.6,56.45,17.16,12.2,0,17,3,13,97,60,0,29,6,14,7,0,56.52,60,4.56,4.76,6.12,7.48,18.72
322,1,2,3,20.74285714,57,120,120,10,12,7,300,9279.928571,256.6351351,20.23,79.77,130.4,0,36.64,12.7,17.76,16.04,0,17,6,11,75,57,0,25,2,17,15,0,36.64,12.48,5.28,8.12,6.68,9.56,11.96
323,1,2,3,22,34,120,120,6,11,10,300,9279.928571,256.6351351,30.93,69.07,100.62,0,43.08,7.68,25.52,17.12,0,31,10,21,166,97,0,30,2,30,27,0,22.16,3.68,1.92,36.44,8.6,4.72,16.52
324,1,2,3,22.2,109,120,120,25,27,24,300,9279.928571,256.6351351,12.56,87.44,149.16,0,21.76,32.75,10.04,11.92,0,20,4,16,109,81,0,17,6,17,13,0,40.76,6.72,2.6,8.12,4.32,13.4,4.24
325,1,2,3,23.08571429,120,120,120,5,18,9,300,9279.928571,256.6351351,23.86,76.14,84.72,7.08,57.86,6.16,13.4,30.12,0,24,7,17,124,62,5,40,3,10,20,0,7.08,20.92,6.32,5.48,9.44,7.84,22.36
326,1,2,3,21.4,64,120,120,6,10,9,300,9279.928571,256.6351351,20.39,79.61,138.36,0,19.8,10.64,18.84,17.6,0,24,8,16,120,84,0,21,2,20,18,0,9.84,16.96,3.56,20.68,1.84,6.2,2.08
327,1,2,3,23.31428571,120,60,31,7,10,60,214,9279.928571,256.6351351,11.77,88.23,108.43,0.52,32.88,40.88,15.4,5.04,0,18,3,15,102,52,1,22,5,10,6,0,40.6,5.6,17.16,9.04,2.2,3.52,4.92
328,1,2,3,22.07142857,120,120,120,8,13,16,221,9279.928571,256.6351351,42.17,57.83,88.6,0,47.78,6.2,22.48,23.76,0,33,13,20,173,83,0,38,3,24,22,0,8,31.88,3.24,60,2.48,15.48,12.64
329,1,2,3,22.44285714,120,120,120,5,7,37,160,9279.928571,256.6351351,27.58,72.42,105.52,0,38.96,0.24,23.03,29.84,0,32,10,21,162,91,0,38,1,22,27,0,13.8,3.68,1.72,33.48,3.48,2.4,1.36
330,1,2,3,22.3,120,120,120,10,20,9,272,9279.928571,256.6351351,42.94,57.06,89.96,0,27.46,25.8,12.24,48,0,25,12,12,101,60,0,24,4,12,31,0,33.6,2.32,3.28,2.36,4.96,4.84,1.68
